Key,Value
AA,11
AC,1
AD,3
AE,5
AF,11
AG,14
AH,9
AI,16
AK,1
AL,33
AM,15
AN,9
AP,9
AQ,5
AR,2
AS,12
AT,15
AV,13
AW,4
AX,2
AY,11
CF,2
CG,2
CL,4
CP,1
CS,3
CV,1
DA,7
DE,1
DG,2
DH,2
DI,3
DK,1
DL,9
DM,1
DN,3
DP,7
DQ,2
DR,2
DS,1
DT,2
DV,6
DW,1
DY,3
EA,7
EC,1
ED,1
EE,5
EF,1
EG,3
EH,2
EI,4
EK,1
EL,8
EM,3
EN,4
EP,7
ER,3
ES,3
ET,6
EV,8
EW,3
EY,6
FA,9
FC,1
FD,4
FE,6
FF,15
FG,9
FH,9
FI,16
FL,32
FM,8
FN,6
FP,4
FR,3
FS,12
FT,24
FV,7
FW,7
FY,4
GA,15
GC,2
GD,3
GE,3
GF,16
GG,16
GH,4
GI,6
GK,1
GL,30
GM,9
GN,6
GP,4
GQ,6
GR,4
GS,18
GT,9
GV,10
GW,5
GX,1
GY,9
HA,5
HD,3
HE,1
HF,10
HG,3
HH,5
HI,6
HK,1
HL,11
HM,7
HN,2
HP,3
HQ,2
HS,10
HT,3
HV,2
HW,2
HY,2
IA,17
IC,6
ID,1
IE,6
IF,13
IG,15
IH,2
II,26
IK,5
IL,45
IM,16
IN,11
IP,14
IQ,5
IR,6
IS,18
IT,29
IV,9
IW,3
IX,1
IY,8
KA,1
KD,2
KE,3
KF,1
KG,2
KH,3
KI,8
KK,4
KL,10
KM,6
KN,4
KP,9
KQ,2
KR,1
KS,4
KT,2
KV,2
KW,5
KY,2
LA,42
LD,4
LE,7
LF,32
LG,24
LH,13
LI,51
LK,8
LL,92
LM,25
LN,20
LP,34
LQ,8
LR,9
LS,32
LT,45
LV,19
LW,10
LX,4
LY,20
MA,22
MD,1
ME,5
MF,9
MG,9
MH,4
MI,21
MK,11
ML,15
MM,11
MN,9
MP,9
MQ,1
MR,2
MS,8
MT,10
MV,10
MW,4
MX,1
MY,3
NA,3
ND,2
NE,2
NF,6
NG,2
NH,2
NI,9
NK,4
NL,19
NM,8
NN,9
NP,10
NQ,5
NR,4
NS,9
NT,15
NV,4
NW,1
NX,2
NY,7
PA,5
PD,6
PE,6
PF,12
PG,6
PH,2
PI,14
PK,4
PL,38
PM,8
PN,4
PP,15
PQ,6
PR,4
PS,13
PT,20
PV,7
PW,5
PX,3
PY,6
QA,4
QC,1
QD,2
QE,3
QF,1
QG,4
QH,2
QI,4
QK,2
QL,9
QM,3
QP,6
QQ,2
QR,1
QS,4
QT,10
QV,2
QW,6
QX,1
QY,1
RA,3
RD,2
RE,3
RF,2
RG,2
RH,1
RI,2
RK,6
RL,7
RM,2
RN,2
RP,2
RQ,2
RR,1
RS,3
RT,3
RV,2
RW,3
RX,2
RY,4
SA,7
SC,1
SD,5
SE,5
SF,11
SG,13
SH,6
SI,17
SK,8
SL,38
SM,10
SN,11
SP,14
SQ,4
SR,3
SS,17
ST,18
SV,11
SW,7
SX,1
SY,3
TA,19
TD,6
TE,3
TF,13
TG,14
TH,6
TI,30
TK,8
TL,43
TM,7
TN,11
TP,17
TQ,9
TR,7
TS,19
TT,30
TV,6
TW,10
TX,4
TY,9
VA,6
VD,5
VE,5
VF,7
VG,14
VI,8
VK,5
VL,27
VM,5
VN,5
VP,7
VQ,2
VR,1
VS,9
VT,11
VV,13
VW,5
VX,2
VY,6
WA,14
WE,2
WF,5
WG,9
WH,1
WI,5
WK,1
WL,18
WM,2
WN,4
WP,3
WQ,2
WR,1
WS,5
WT,7
WV,3
WW,4
WY,4
XG,2
XH,1
XI,4
XL,5
XP,3
XS,3
XT,2
XV,2
XW,1
XX,33
YA,5
YD,3
YE,6
YF,9
YG,12
YH,4
YI,6
YL,7
YM,8
YN,4
YP,6
YQ,5
YS,11
YT,12
YV,6
YW,4
YY,5
